,method-balance,n_features,optimal-depth,pre@recall50
125,pca_10-spearman,2,5,0.0674650225278634
133,pca_10-spearman,4,5,0.0674650225278634
149,pca_10-spearman,8,5,0.0674650225278634
129,pca_10-spearman,3,5,0.0674650225278634
153,pca_10-spearman,9,5,0.0674650225278634
121,pca_10-spearman,1,5,0.0674650225278634
137,pca_10-spearman,5,5,0.0674650225278634
157,pca_10-spearman,10,5,0.0674650225278634
145,pca_10-spearman,7,5,0.0674650225278634
141,pca_10-spearman,6,5,0.0674650225278634
