,method,optimal tree depth,pre@recall50
0,variance-threshold,6,0.06614069690992767
1,pca,9,0.0631696984799402
2,rbf-,8,0.07767137862897097
3,tsne,4,0.06269376507061661
4,pca-9,3,0.0742300987797792
5,pca-15,6,0.07017306652244457
6,pca-7,9,0.07319431017815219
7,pca-10,9,0.06877098723975823
8,tsne-3,8,0.06240713224368499
9,tsne-1,5,0.06318544366899302
10,poly-,8,0.07777608992860398
11,cosine-,9,0.07597851112816577
