,method-balance,optimal tree depth,pre@recall50
0,variance-threshold,5,0.06627706202682959
1,pca-2,4,0.06402868485081316
2,pca-7,5,0.06920556920556921
3,pca-9,5,0.06952621250350434
4,pca-10,4,0.06903458405661637
5,pca-15,4,0.06926698049764626
6,tsne-1,8,0.06339048539000242
7,tsne-2,2,0.06209619526202441
8,tsne-3,2,0.06261465084994497
9,rbf-,4,0.07434445768772348
10,poly-,4,0.07434445768772348
11,cosine-,4,0.07374461979913917
